{
  "MAE": 7364.7726278509435,
  "RMSE": 7364.7726278509435,
  "R2": NaN
}