{
  "category_CLEANING": 0.10565566288342731,
  "category_ELECTRICAL": 0.09424934341653796,
  "category_GARDENING": 0.18626868794390522,
  "category_LIFT": 0.07324252970941876,
  "category_OTHER": 0.10625567079553758,
  "category_PARKING": 0.11444988573608514,
  "category_PLUMBING": 0.08657921062279662,
  "category_SECURITY": 0.23329900889229144
}