{
  "Accuracy": 0.2,
  "Precision": 0.20119047619047614,
  "Recall": 0.2,
  "F1": 0.17545454545454547
}