{
  "version": "1.0.0",
  "algorithm": "RandomForestRegressor",
  "features": [
    "category",
    "priority"
  ],
  "target": "resolution_time_hours",
  "description": "Predicts complaint resolution time in hours based on category and priority.",
  "feature_importances": {
    "category_CLEANING": 0.036783033297663435,
    "category_ELECTRICAL": 0.11416302860148836,
    "category_GARDENING": 0.05964368850932845,
    "category_LIFT": 0.0691835249351869,
    "category_OTHER": 0.06063100199125523,
    "category_PARKING": 0.13644308795568175,
    "category_PLUMBING": 0.05865139380052452,
    "category_SECURITY": 0.08384331409824082,
    "priority_CRITICAL": 0.056466316770435086,
    "priority_HIGH": 0.1141445643081653,
    "priority_LOW": 0.1660119650675372,
    "priority_MEDIUM": 0.04403508066449289
  },
  "trainedAt": "2026-07-22T10:31:33.168644+00:00"
}