{
  "MAE": 565.5215486328586,
  "RMSE": 629.1268769109756,
  "R2": -0.4141584314212263
}